,area,trap_name,tunnel_types,Boxlength,Entrance,end,InternalBaffle,kill trap,lid_securitys,rebar,pink triangle,box_condition,photo,date_reported,maintainace
,Arthur,Arthur Valley,A001,,new_style,,170mm SS baffles,good_design_trigger_bent,longscrew_nail,,,A,,,
,Arthur,Arthur Valley,A002,,side_entrance new_style,,170mm SS baffles,good_design,longscrew_nail,,,A,,,
,Arthur,Arthur Valley,A003,,new_style,,170mm SS baffles,good_design_trigger_bent,longscrew_nail,,,A,,,
,Arthur,Arthur Valley,A004,,side_entrance new_style,,170mm SS baffles,good_design,longscrew_nail,,,A,,,
,Arthur,Arthur Valley,A005,,new_style,,170mm SS baffles,good_design_trigger_bent,longscrew_nail,,,A,,,
,Arthur,Arthur Valley,A006,,side_entrance new_style,,170mm SS baffles,good_design,longscrew_nail,,,A,,,
,Arthur,Arthur Valley,A007,,new_style,,170mm SS baffles,good_design_trigger_bent,longscrew_nail,,,A,,,
,Arthur,Arthur Valley,A008,,side_entrance new_style,,170mm SS baffles,good_design,longscrew_nail,,,A,,,
,Arthur,Arthur Valley,A009,,new_style,,170mm SS baffles,good_design_trigger_bent,kea_brackets 65mm_screws,,,A,,,
,Arthur,Arthur Valley,A010,,side_entrance new_style,,170mm SS baffles,good_design,kea_brackets 65mm_screws,,,A,,,
,Arthur,Arthur Valley,A011,,new_style,,170mm SS baffles,good_design_trigger_bent,kea_brackets 65mm_screws,,,A,,,
,Arthur,Arthur Valley,A012,,BOX MISSING,,galve_mesh_trap_baffle,good_design,65mm_screws kea_brackets,,,A,,,
,Arthur,Arthur Valley,A013,,new_style,,170mm SS baffles,good_design,kea_brackets 65mm_screws,,,A,,,
,Arthur,Arthur Valley,A014,,side_entrance new_style,,170mm SS baffles,good_design,kea_brackets 65mm_screws,,,A,,,
,Arthur,Arthur Valley,A015,,new_style,,170mm SS baffles,good_design,kea_brackets 65mm_screws,,,A,,,
,Arthur,Arthur Valley,A016,,NEW NSK BOX,,170mm SS baffles,good_design,kea_brackets 65mm_screws,,,A,,,
,Arthur,Arthur Valley,A017,,new_style,,170mm SS baffles,good_design_trigger_bent,longscrew_nail,,,A,,,
,Arthur,Arthur Valley,A018,,side_entrance new_style,,170mm SS baffles,good_design,longscrew_nail,,,A,,,
,Arthur,Arthur Valley,A019,,new_style,,170mm SS baffles,good_design_trigger_bent,longscrew_nail,,,A,,,
,Arthur,Arthur Valley,A020,,side_entrance new_style,,170mm SS baffles,good_design,longscrew_nail,,,A,,,
,Arthur,Arthur Valley,A021,,new_style,,170mm SS baffles,good_design_trigger_bent,longscrew_nail,,,A,,,
,Arthur,Arthur Valley,A022,,side_entrance new_style,,170mm SS baffles,good_design,longscrew_nail,,,A,,,
,Arthur,Arthur Valley,A023,,new_style,,170mm SS baffles,good_design_trigger_bent,longscrew_nail,,,A,,,
,Arthur,Arthur Valley,A024,,side_entrance new_style,,170mm SS baffles,good_design,longscrew_nail,,,A,,,
,Arthur,Arthur Valley,A025,,new_style,,170mm SS baffles,good_design_trigger_bent,65mm_screws,,,A,,,
,Arthur,Arthur Valley,A026,,side_entrance new_style 800mm,,170mm SS baffles,good_design,longscrew_nail,,,A,,,
,Arthur,Arthur Valley,A027,,new_style,,170mm SS baffles,good_design_trigger_bent,65mm_screws kea_brackets,,,A,,,
,Arthur,Arthur Valley,A028,,side_entrance new_style,,170mm SS baffles,good_design,kea_brackets 65mm_screws,,,A,,,
,Arthur,Arthur Valley,A028a,,new_style,,170mm SS baffles,good_design,kea_brackets 65mm_screws,,,A,,,
,Arthur,Arthur Valley,A029,,side_entrance new_style,,170mm SS baffles,good_design,longscrew_nail,,,A,,,
,Arthur,Arthur Valley,A029a,,new_style,,170mm SS baffles,good_design,longscrew_nail,,,A,,,
,Arthur,Arthur Valley,A030,,new_style side_entrance,,170mm SS baffles,good_design,kea_brackets 65mm_screws,,,A,,,
,Arthur,Arthur Valley,A030a,,new_style,,170mm SS baffles,good_design_trigger_bent,kea_brackets 65mm_screws,,,A,,,
,Arthur,Arthur Valley,A031,,new_style,,170mm SS baffles,good_design_trigger_bent,kea_brackets 65mm_screws,,,A,,,
,Arthur,Arthur Valley,A031a,,new_style,,170mm SS baffles,good_design,65mm screw,,,B,,,
,Arthur,Arthur Valley,A032,,side_entrance new_style,,170mm SS baffles,good_design_trigger_bent second_trap_different,longscrew_nail,,,A,,,
,Arthur,Arthur Valley,A032a,,side_entrance new_style,,170mm SS baffles,good_design,longscrew_nail,,,A,,,
,Arthur,Arthur Valley,A033,,side_entrance new_style,,170mm SS baffles,good_design,kea_brackets 65mm_screws,,,A,,,
,Arthur,Arthur Valley,A033a,,side_entrance new_style,,170mm SS baffles,good_design,longscrew_nail,,,A,,,
,Arthur,Arthur Valley,A034,,side_entrance new_style,,170mm SS baffles,good_design,kea_brackets 65mm_screws,,,A,,,
,Arthur,Arthur Valley,A034a,,side_entrance new_style,,170mm SS baffles,good_design,kea_brackets 65mm_screws,,,A,,,
,Arthur,Arthur Valley,A035,,side_entrance new_style,,170mm SS baffles,good_design second_trap_different,kea_brackets 65mm_screws,,,A,,,
,Arthur,Arthur Valley,A035a,,new_style side_entrance,,170mm SS baffles,good_design,kea_brackets 65mm_screws,,,A,,,
,Arthur,Arthur Valley,A036,,side_entrance new_style,,170mm SS baffles,good_design,65mm_screws kea_brackets,,,A,,,
,Arthur,Arthur Valley,A036a,,side_entrance new_style,,170mm SS baffles,good_design,longscrew_nail,,,A,,,
,Arthur,Arthur Valley,A037,,side_entrance new_style,,170mm SS baffles,good_design,kea_brackets 65mm_screws,,,A,,,
,Arthur,Arthur Valley,A037a,,new_style side_entrance,,170mm SS baffles,good_design,kea_brackets 65mm_screws,,,A,,,
,Arthur,Arthur Valley,A038,,new_style,,170mm SS baffles,good_design,kea_brackets 65mm_screws,,,A,,,
,Arthur,Arthur Valley,A038a,,new_style side_entrance,,170mm SS baffles,good_design,longscrew_nail,,,A,,,
,Arthur,Arthur Valley,A039,,new_style side_entrance,,170mm SS baffles,good_design,longscrew_nail,,,A,,,
,Arthur,Arthur Valley,A039A,,Closed,,,,,,,,,,
,Arthur,Arthur Valley,A040,,new_style,,170mm SS baffles,good_design_trigger_bent,65mm screw and nail,,,A,,,
,Arthur,Arthur Valley,A040a,,new_style,,170mm SS baffles,good_design_trigger_bent,65mm screw and nail,,,A,,,
,Arthur,Arthur Valley,A041,,new_style,,170mm SS baffles,good_design_trigger_bent,65mm screw and nail,,,A,,,
,Arthur,Arthur Valley,A041a,,new_style,,170mm SS baffles,good_design_trigger_bent,65mm screw and nail,,,A,,,
,Arthur,Arthur Valley,A042,,new_style,,170mm SS baffles,good_design_trigger_bent,65mm screw and nail,,,A,,,
,Arthur,Arthur Valley,A042a,,new_style,,170mm SS baffles,good_design_trigger_bent,65mm screw and nail,,,A,,,
,Arthur,Arthur Valley,A043,,new_style,,170mm SS baffles,good_design_trigger_bent,65mm screw and nail,,,A,,,
,Arthur,Arthur Valley,A043a,,new_style,,170mm SS baffles,good_design second_trap_different,65mm screw and nail,,,A,,,
,Arthur,Arthur Valley,A044,,new_style,,170mm SS baffles,good_design_trigger_bent,65mm screw and nail,,,A,,,
,Arthur,Arthur Valley,A044a,,new_style,,170mm SS baffles,good_design second_trap_different,65mm screw and nail,,,A,,,
,Arthur,Arthur Valley,A045,,new_style,,170mm SS baffles,good_design_trigger_bent,65mm screw and nail,,,A,,,
,Arthur,Arthur Valley,A045a,,new_style,,170mm SS baffles,good_design,65mm screw and nail,,,A,,,
,Arthur,Arthur Valley,A046,,new_style,,170mm SS baffles,good_design_trigger_bent,65mm screw and nail,,,A,,,
,Arthur,Arthur Valley,A046a,,new_style,,170mm SS baffles,good_design_trigger_bent second_trap_different,65mm screw and nail,,,A,,,
,Arthur,Arthur Valley,A047,,new_style,,170mm SS baffles,good_design_trigger_bent,65mm screw and nail,,,A,,,
,Arthur,Arthur Valley,A047a,,new_style,,170mm SS baffles,good_design_trigger_bent second_trap_different,65mm screw and nail,,,A,,,
,Arthur,Arthur Valley,A048,,new_style,,170mm SS baffles,good_design second_trap_different,65mm screw and nail,,,A,,,
,Arthur,Arthur Valley,A048a,,new_style,,170mm SS baffles,good_design_trigger_bent,65mm screw and nail,,,A,,,
,Arthur,Arthur Valley,A049,,new_style,,170mm SS baffles,good_design_trigger_bent,65mm screw and nail,,,A,,,
,Arthur,Arthur Valley,A049a,,new_style,,170mm SS baffles,good_design_trigger_bent,65mm screw and nail,,,A,,,
,Arthur,Arthur Valley,A050,,new_style,,170mm SS baffles,good_design_trigger_bent,65mm screw and nail,,,A,,,
,Arthur,Arthur Valley,A050a,,new_style,,170mm SS baffles,good_design_trigger_bent,65mm screw and nail,,,A,,,
,Arthur,Arthur Valley,A051,,new_style,,170mm SS baffles,good_design_trigger_bent,65mm screw and nail,,,A,,,
,Arthur,Arthur Valley,A051a,,new_style,,170mm SS baffles,good_design second_trap_different,65mm screw and nail,,,A,,,
,Arthur,Arthur Valley,A052,,new_style,,170mm SS baffles,good_design,65mm screw and nail,,,A,,,
,Arthur,Arthur Valley,A052a,,new_style,,170mm SS baffles,good_design_trigger_bent second_trap_different,65mm screw and nail,,,A,,,
,Arthur,Arthur Valley,A053,,new_style,,170mm SS baffles,good_design,65mm screw and nail,,,A,,,
,Arthur,Arthur Valley,A053a,,new_style,,170mm SS baffles,good_design,65mm screw and nail,,,A,,,
,Arthur,Arthur Valley,A054,,new_style,,170mm SS baffles,good_design,65mm screw and nail,,,A,,,
,Arthur,Arthur Valley,A054a,,new_style,,170mm SS baffles,good_design_trigger_bent,65mm screw and nail,,,A,,,
,Arthur,Arthur Valley,A055,,new_style,,170mm SS baffles,good_design,65mm screw and nail,,,A,,,
,Arthur,Arthur Valley,A055a,,new_style,,170mm SS baffles,good_design_trigger_bent,65mm screw and nail,,,A,,,
,Arthur,Arthur Valley,A056,,side_entrance stainless_plate,,170mm SS baffles,good_design,65mm screw and nail,,,B,,,
,Arthur,Arthur Valley,A056a,,new_style,,170mm SS baffles,good_design,65mm screw and nail,,,A,,,
,Arthur,Arthur Valley,A057,,new_style,,170mm SS baffles,good_design_trigger_bent,65mm screw and nail,,,A,,,
,Arthur,Arthur Valley,A057a,,new_style,,170mm SS baffles,good_design second_trap_different,65mm screw and nail,,,A,,18-Feb-19,
,Arthur,Arthur Valley,A058,,,,,,,,,,,,
,Arthur,Arthur Valley,A058a,,new_style,,170mm SS baffles,good_design,65mm screw and nail,,,A,,,
,Arthur,Arthur Valley,A059,,new_style,,170mm SS baffles,good_design,65mm screw and nail,,,A,,,
,Arthur,Arthur Valley,A059a,,new_style galve_mesh,,170mm SS baffles,good_design,65mm screw and nail,,,A,,,
,Arthur,Arthur Valley,A060,,new_style,,170mm SS baffles,good_design,65mm screw and nail,,,A,,,
,Arthur,Arthur Valley,A060a,,new_style,,170mm SS baffles,good_design,65mm screw and nail,,,A,,,
,Arthur,Arthur Valley,A061,,new_style,,170mm SS baffles,good_design_trigger_bent second_trap_different,65mm screw and nail,,,A,,,
,Arthur,Arthur Valley,A061a,,new_style,,170mm SS baffles,good_design_trigger_bent second_trap_different,65mm screw and nail,,,A,,,
,Arthur,Arthur Valley,A062,,new_style,,170mm SS baffles,good_design_trigger_bent,65mm screw and nail,,,A,,,
,Arthur,Arthur Valley,A062a,,new_style,,170mm SS baffles,good_design_trigger_bent,65mm screw and nail,,,A,,,
,Arthur,Arthur Valley,A063,,new_style,,170mm SS baffles,good_design_trigger_bent,65mm screw and nail,,,A,,,
,Arthur,Arthur Valley,A063a,,new_style,,170mm SS baffles,good_design_trigger_bent,65mm screw and nail,,,A,,,
,Arthur,Arthur Valley,A064,,new_style,,170mm SS baffles,good_design_trigger_bent,65mm screw and nail,,,A,,,
,Arthur,Arthur Valley,A065,,new_style,,170mm SS baffles,good_design_trigger_bent,65mm screw and nail,,,A,,,
,Arthur,Arthur Valley,A066,,new_style,,170mm SS baffles,good_design_trigger_bent,65mm screw and nail,,,A,,,
,Arthur,Arthur Valley,A067,,new_style,,170mm SS baffles,good_design_trigger_bent,65mm screw and nail,,,A,,,
,Arthur,Arthur Valley,A068,,new_style,,170mm SS baffles,good_design_trigger_bent,65mm screw and nail,,,A,,,
,Arthur,Arthur Valley,A069,,new_style,,170mm SS baffles,good_design_trigger_bent,65mm screw and nail,,,A,,,
,Arthur,Arthur Valley,A070,,new_style,,170mm SS baffles,good_design_trigger_bent,65mm screw and nail,,,A,,,
,Arthur,Arthur Valley,A071,,new_style,,170mm SS baffles,good_design_trigger_bent,65mm screw and nail,,,,,,
,Arthur,Arthur Valley,A072,,new_style,,170mm SS baffles,good_design_trigger_bent,65mm screw and nail,,,B,,,
,Arthur,Arthur Valley,A072a,,new_style,,170mm SS baffles,good_design,65mm screw and nail,,,B,,,
,Arthur,Arthur Valley,A073,,side_entrance,,170mm SS baffles,good_design_trigger_bent,65mm screw and nail,,,A,,,
,Arthur,Arthur Valley,A073a,,side_entrance,,170mm SS baffles,good_design,65mm screw and nail,,,B,,,
,Arthur,Arthur Valley,A074,,side_entrance,,170mm SS baffles,good_design_trigger_bent,65mm screw and nail,,,A,,,
,Arthur,Arthur Valley,A074a,,side_entrance,,170mm SS baffles,good_design,65mm screw and nail,,,B,,,
,Arthur,Arthur Valley,A075,,side_entrance,,170mm SS baffles,good_design_trigger_bent,65mm screw and nail,,,A,,,
,Arthur,Arthur Valley,A075a,,side_entrance,,170mm SS baffles,good_design_trigger_bent,65mm screw and nail,,,A,,,
,Arthur,Arthur Valley,A076,,side_entrance,,170mm SS baffles,good_design,65mm screw and nail,,,B,,,
,Arthur,Arthur Valley,A076a,,side_entrance,,170mm SS baffles,good_design,65mm screw and nail,,,B,,,
,Arthur,Arthur Valley,A077,,side_entrance,,170mm SS baffles,good_design_trigger_bent,65mm screw and nail,,,A,,,
,Arthur,Arthur Valley,A077a,,side_entrance,,170mm SS baffles,good_design,65mm screw and nail,,,A,,,
,Arthur,Arthur Valley,A078,,side_entrance,,170mm SS baffles,good_design_trigger_bent,65mm screw and nail,,,A,,,
,Arthur,Arthur Valley,A078a,,side_entrance,,170mm SS baffles,good_design,65mm screw and nail,,,B,,,
,Arthur,Arthur Valley,A079,,side_entrance,,170mm SS baffles,good_design_trigger_bent,65mm screw and nail,,,A,,,
,Arthur,Arthur Valley,A079a,,side_entrance,,170mm SS baffles,good_design,65mm screw and nail,,,B,,,
,Arthur,Arthur Valley,A080,,side_entrance,,170mm SS baffles,good_design_trigger_bent,65mm screw and nail,,,A,,,
,Arthur,Arthur Valley,A080a,,side_entrance,,170mm SS baffles,good_design,65mm screw and nail,,,B,,,
,Arthur,Arthur Valley,A081,,side_entrance,,170mm SS baffles,good_design_trigger_bent,65mm screw and nail,,,A,,,
,Arthur,Arthur Valley,A081a,,side_entrance,,170mm SS baffles,good_design,65mm screw and nail,,,A,,,
,Arthur,Arthur Valley,A082,,side_entrance,,170mm SS baffles,good_design,65mm screw and nail,,,A,,,
,Arthur,Arthur Valley,A082a,,side_entrance,,170mm SS baffles,good_design,65mm screw and nail,,,A,,,
,Arthur,Arthur Valley,A083,,side_entrance,,170mm SS baffles,good_design,65mm screw and nail,,,A,,,
,Arthur,Arthur Valley,A083a,,side_entrance,,170mm SS baffles,good_design,65mm screw and nail,,,B,,,
,Arthur,Arthur Valley,A084,,side_entrance,,170mm SS baffles,good_design_trigger_bent second_trap_different,65mm screw and nail,,,A,,,
,Arthur,Arthur Valley,A084a,,side_entrance,,170mm SS baffles,good_design,65mm screw and nail,,,A,,,
,Arthur,Arthur Valley,A085,,side_entrance,,170mm SS baffles,good_design_trigger_bent,65mm screw and nail,,,A,,,
,Arthur,Arthur Valley,A085a,,side_entrance,,170mm SS baffles,good_design,65mm screw and nail,,,B,,,
,Arthur,Arthur Valley,A086,,side_entrance,,170mm SS baffles,good_design_trigger_bent,65mm screw and nail,,,A,,,
,Arthur,Arthur Valley,A086a,,side_entrance,,170mm SS baffles,good_design,65mm screw and nail,,,A,,,
,Arthur,Arthur Valley,A087,,side_entrance,,170mm SS baffles,good_design,65mm screw and nail,,,A,,,
,Arthur,Arthur Valley,A087a,,new_style,,170mm SS baffles,good_design,65mm screw and nail,,,A,,,
,Arthur,Arthur Valley,A088,,new_style,,170mm SS baffles,good_design_trigger_bent,65mm screw and nail,,,A,,,
,Arthur,Arthur Valley,A088a,,new_style,,170mm SS baffles,good_design,kea_brackets 65mm_screws,,,A,,,
,Arthur,Arthur Valley,A089,,new_style,,170mm SS baffles,good_design_trigger_bent,65mm screw and nail,,,A,,,
,Arthur,Arthur Valley,A089a,,new_style,,170mm SS baffles,good_design,65mm screw and nail,,,B,,,
,Arthur,Arthur Valley,A090,,new_style,,170mm SS baffles,good_design_trigger_bent,65mm screw and nail,,,A,,,
,Arthur,Arthur Valley,A090a,,new_style,,170mm SS baffles,good_design,65mm screw and nail,,,B,,,
,Arthur,Arthur Valley,A091,,new_style,,170mm SS baffles,good_design_trigger_bent,65mm screw and nail,,,A,,,
,Arthur,Arthur Valley,A091a,,new_style,,170mm SS baffles,good_design,65mm screw and nail,,,B,,,
,Arthur,Arthur Valley,A092,,new_style,,170mm SS baffles,good_design_trigger_bent,65mm screw and nail,,,A,,,
,Arthur,Arthur Valley,A092a,,new_style,,170mm SS baffles,good_design,longscrew_nail,,,A,,,
,Arthur,Arthur Valley,A093,,new_style,,170mm SS baffles,good_design_trigger_bent,65mm screw and nail,,,A,,,
,Arthur,Arthur Valley,A093a,,new_style,,170mm SS baffles,good_design,65mm screw and nail,,,B,,,
,Arthur,Arthur Valley,A094,,new_style,,170mm SS baffles,good_design_trigger_bent,65mm screw and nail,,,A,,,
,Arthur,Arthur Valley,A094a,,new_style,,170mm SS baffles,good_design,65mm screw and nail,,,A,,,
,Arthur,Arthur Valley,A095,,new_style,,170mm SS baffles,good_design_trigger_bent,65mm screw and nail,,,A,,,
,Arthur,Arthur Valley,A095a,,new_style,,170mm SS baffles,good_design,65mm screw and nail,,,B,,,
,Arthur,Arthur Valley,A096,,new_style,,170mm SS baffles,good_design second_trap_different,65mm screw and nail,,,A,,,
,Arthur,Arthur Valley,A096a,,new_style,,170mm SS baffles,good_design,65mm screw and nail,,,A,,,
,Arthur,Arthur Valley,A097,,new_style,,170mm SS baffles,faulty_design,65mm screw and nail,,,A,,,
,Arthur,Arthur Valley,A097a,,new_style,,170mm SS baffles,good_design,65mm screw and nail,,,B,,,
,Arthur,Arthur Valley,A098,,new_style,,170mm SS baffles,good_design_trigger_bent,65mm screw and nail,,,A,,,
,Arthur,Arthur Valley,A98a,,stainless_plate side_entrance,,170mm SS baffles,good_design,65mm screw and nail,,,B,,,
,Arthur,Arthur Valley,A98b,,side_entrance stainless_plate,,170mm SS baffles,good_design,65mm screw and nail,,,B,,,
,Arthur,Arthur Valley,A099,,new_style,,170mm SS baffles,good_design_trigger_bent,65mm screw and nail,,,A,,,
,Arthur,Arthur Valley,A099a,,infill_style,,170mm SS baffles,good_design,65mm screw and nail,,,A,,,
,Arthur,Arthur Valley,A099b,,new_style,,170mm SS baffles,good_design_trigger_bent second_trap_different,longscrew_nail,,,B,,,
,Arthur,Arthur Valley,A100,,new_style,,170mm SS baffles,good_design_trigger_bent,65mm screw and nail,,,A,,,
,Arthur,Arthur Valley,A100a,,new_style,,170mm SS baffles,good_design,65mm screw and nail,,,A,,,
,Arthur,Arthur Valley,A101,,new_style,,170mm SS baffles,good_design_trigger_bent,65mm screw and nail,,,A,,,
,Arthur,Arthur Valley,A101a,,new_style,,170mm SS baffles,good_design,65mm screw and nail,,,B,,,
,Arthur,Arthur Valley,A102,,new_style,,170mm SS baffles,good_design second_trap_different,65mm screw and nail,,,A,,,
,Arthur,Arthur Valley,A102a,,new_style,,170mm SS baffles,good_design,65mm screw and nail,,,B,,,
,Arthur,Arthur Valley,A103,,new_style,,170mm SS baffles,good_design_trigger_bent,65mm screw and nail,,,A,,,
,Arthur,Arthur Valley,A103a,,new_style,,170mm SS baffles,good_design,65mm screw and nail,,,A,,,
,Arthur,Arthur Valley,A104,,new_style,,170mm SS baffles,good_design_trigger_bent,65mm screw and nail,,,A,,,
,Arthur,Arthur Valley,A104a,,new_style,,170mm SS baffles,good_design,65mm screw and nail,,,B,,,
,Arthur,Arthur Valley,A105,,new_style,,170mm SS baffles,good_design_trigger_bent,65mm screw and nail,,,A,,,
,Arthur,Arthur Valley,A105a,,new_style,,170mm SS baffles,good_design,65mm screw and nail,,,B,,,
,Arthur,Arthur Valley,A106,,new_style,,170mm SS baffles,good_design,65mm screw and nail,,,A,,,
,Arthur,Arthur Valley,A106a,,new_style,,170mm SS baffles,good_design,65mm screw and nail,,,A,,,
,Arthur,Arthur Valley,A107,,new_style,,170mm SS baffles,good_design_trigger_bent,65mm screw and nail,,,A,,,
,Arthur,Arthur Valley,A107a,,new_style,,170mm SS baffles,good_design,65mm screw and nail,,,B,,,
,Arthur,Arthur Valley,A108,,new_style,,170mm SS baffles,good_design_trigger_bent,65mm screw and nail,,,A,,,
,Arthur,Arthur Valley,A108a,,new_style,,170mm SS baffles,good_design,65mm screw and nail,,,A,,,
,Arthur,Arthur Valley,A109,,new_style,,170mm SS baffles,good_design_trigger_bent,65mm screw and nail,,,A,,,
,Arthur,Arthur Valley,A109a,,new_style,,170mm SS baffles,good_design_trigger_bent second_trap_different,65mm screw and nail,,,B,,,
,Arthur,Arthur Valley,A110,,new_style,,170mm SS baffles,good_design,65mm screw and nail,,,B,,,
,Arthur,Arthur Valley,A110a,,new_style,,170mm SS baffles,good_design,65mm screw and nail,,,B,,,
,Arthur,Arthur Valley,A111,,new_style,,170mm SS baffles,good_design_trigger_bent,65mm screw and nail,,,A,,,
,Arthur,Arthur Valley,A111a,,new_style,,170mm SS baffles,good_design,65mm screw and nail,,,B,,,
,Arthur,Arthur Valley,A112,,new_style,,170mm SS baffles,good_design_trigger_bent,65mm screw and nail,,,A,,,
,Arthur,Arthur Valley,A112a,,new_style,,170mm SS baffles,good_design,65mm screw and nail,,,A,,,
,Arthur,Arthur Valley,A113,,new_style,,170mm SS baffles,good_design_trigger_bent,65mm screw and nail,,,A,,,
,Arthur,Arthur Valley,A113a,,new_style,,170mm SS baffles,good_design,65mm screw and nail,,,B,,,
,Arthur,Arthur Valley,A114,,new_style,,170mm SS baffles,good_design_trigger_bent,65mm screw and nail,,,A,,,
,Arthur,Arthur Valley,A114A,,side_entrance stainless_plate,,170mm SS baffles,good_design,65mm screw and nail,,,A,,,
,Arthur,Arthur Valley,A115,,new_style,,170mm SS baffles,good_design_trigger_bent,65mm screw and nail,,,A,,,
,Arthur,Arthur Valley,A115a,,new_style,,170mm SS baffles,good_design,65mm screw and nail,,,A,,,
,Arthur,Arthur Valley,A116,,new_style,,170mm SS baffles,good_design_trigger_bent,65mm screw and nail,,,A,,,
,Arthur,Arthur Valley,A116a,,new_style,,170mm SS baffles,good_design,65mm screw and nail,,,A,,,
,Arthur,Arthur Valley,A117,,new_style,,170mm SS baffles,good_design_trigger_bent,65mm screw and nail,,,A,,,
,Arthur,Arthur Valley,A117a,,new_style,,170mm SS baffles,good_design,65mm screw and nail,,,B,,,
,Arthur,Arthur Valley,A118,,new_style,,170mm SS baffles,good_design,65mm screw and nail,,,A,,,
,Arthur,Arthur Valley,A118a,,new_style,,170mm SS baffles,good_design,65mm screw and nail,,,A,,,
,Arthur,Arthur Valley,A119,,new_style,,170mm SS baffles,good_design,65mm screw and nail,,,B,,,
,Arthur,Arthur Valley,A119a,,new_style,,170mm SS baffles,good_design,65mm screw and nail,,,B,,,
,Arthur,Arthur Valley,A120,,new_style,,170mm SS baffles,good_design,65mm screw and nail,,,B,,,
,Arthur,Arthur Valley,A120a,,new_style,,170mm SS baffles,good_design,65mm screw and nail,,,B,,,
,Arthur,Arthur Valley,A121,,new_style,,170mm SS baffles,good_design,65mm screw and nail,,,A,,,
,Arthur,Arthur Valley,A121a,,new_style,,170mm SS baffles,good_design_trigger_bent,65mm screw and nail,,,A,,,
,Arthur,Arthur Valley,A121b,,front_entrance new_style,,170mm SS baffles,good_design_trigger_bent,65mm screw and nail,,,B,,,
,Arthur,Arthur Valley,A121c,,new_style,,170mm SS baffles,good_design_trigger_bent second_trap_different,65mm screw and nail,,,A,,,
,Arthur,Arthur Valley,A122,,front_entrance new_style,,170mm SS baffles,good_design_trigger_bent,65mm screw and nail,,,A,,,
,Arthur,Arthur Valley,A122a,,front_entrance new_style,,170mm SS baffles,good_design_trigger_bent,65mm screw and nail,,,A,,,
,Arthur,Arthur Valley,A123,,new_style,,170mm SS baffles,good_design_trigger_bent,65mm screw and nail,,,A,,,
,Arthur,Arthur Valley,A123a,,front_entrance new_style,,170mm SS baffles,good_design_trigger_bent,65mm screw and nail,,,A,,,
,Arthur,Arthur Valley,A124,,new_style,,170mm SS baffles,good_design_trigger_bent,65mm screw and nail,,,A,,,
,Arthur,Arthur Valley,A124a,,front_entrance new_style,,170mm SS baffles,good_design_trigger_bent,65mm screw and nail,,,A,,,
,Arthur,Arthur Valley,A125,,new_style,,170mm SS baffles,good_design_trigger_bent,65mm screw and nail,,,A,,,
,Arthur,Arthur Valley,A125a,,front_entrance new_style,,170mm SS baffles,good_design_trigger_bent,65mm screw and nail,,,B,,,
,Arthur,Arthur Valley,A126,,new_style,,170mm SS baffles,good_design_trigger_bent,65mm screw and nail,,,A,,,
,Arthur,Arthur Valley,A126a,,new_style,,170mm SS baffles,needs x1 doc150,shortscrew_and_nail,,,A,,,
,Arthur,Arthur Valley,A127,,new_style,,170mm SS baffles,good_design_trigger_bent,65mm screw and nail,,,A,,,
,Arthur,Arthur Valley,A127a,,new_style,,170mm SS baffles,good_design,65mm screw and nail,,,A,,,
,Arthur,Arthur Valley,A128,,infill_style,,170mm SS baffles,good_design,65mm screw and nail,,,A,,,
,Arthur,Arthur Valley,A128a,,new_style,,170mm SS baffles,good_design,65mm screw and nail,,,A,,,
,Arthur,Arthur Valley,A129,,new_style,,170mm SS baffles,good_design_trigger_bent,65mm screw and nail,,,A,,,
,Arthur,Arthur Valley,A129a,,new_style,,170mm SS baffles,good_design,65mm screw and nail,,,A,,,
,Arthur,Arthur Valley,A130,,new_style,,170mm SS baffles,good_design_trigger_bent,65mm screw and nail,,,A,,,
,Arthur,Arthur Valley,A130a,,new_style,,170mm SS baffles,good_design_trigger_bent second_trap_different,65mm screw and nail,,,A,,,
,Arthur,Arthur Valley,A131,,new_style,,170mm SS baffles,good_design_trigger_bent second_trap_different,65mm screw and nail,,,A,,,
,Arthur,Arthur Valley,A131a,,new_style,,170mm SS baffles,good_design,65mm screw and nail,,,A,,,
,Arthur,Arthur Valley,A132,,new_style,,170mm SS baffles,good_design_trigger_bent,65mm screw and nail,,,A,,,
,Arthur,Arthur Valley,A132a,,new_style,,170mm SS baffles,good_design,65mm screw and nail,,,B,,,
,Arthur,Arthur Valley,A133,,new_style,,170mm SS baffles,good_design_trigger_bent,65mm screw and nail,,,A,,,
,Arthur,Arthur Valley,A133a,,new_style,,170mm SS baffles,good_design,65mm screw and nail,,,B,,,
,Arthur,Arthur Valley,A134,,new_style,,170mm SS baffles,good_design_trigger_bent,65mm screw and nail,,,A,,,
,Arthur,Arthur Valley,A134a,,new_style,,170mm SS baffles,good_design,65mm screw and nail,,,B,,,
,Arthur,Arthur Valley,A135,,new_style,,170mm SS baffles,good_design_trigger_bent,65mm screw and nail,,,A,,,
,Arthur,Arthur Valley,A135a,,new_style,,170mm SS baffles,good_design_trigger_bent,65mm screw and nail,,,A,,,
,Arthur,Arthur Valley,A136,,side_entrance stainless_plate,,170mm SS baffles,good_design,65mm screw and nail,,,A,,,
,Arthur,Arthur Valley,A136a,,side_entrance stainless_plate,,170mm SS baffles,good_design,65mm screw and nail,,,A,,,
,Arthur,Arthur Valley,A137,,new_style,,170mm SS baffles,good_design_trigger_bent,65mm screw and nail,,,A,,,
,Arthur,Arthur Valley,A137a,,new_style,,170mm SS baffles,good_design,kea_brackets 65mm_screws,,,A,,,
,Arthur,Arthur Valley,A138,,new_style,,170mm SS baffles,good_design_trigger_bent,65mm screw and nail,,,A,,,
,Arthur,Arthur Valley,A138a,,new_style,,170mm SS baffles,good_design_trigger_bent,65mm screw and nail,,,A,,,
,Arthur,Arthur Valley,A139,,new_style,,170mm SS baffles,good_design_trigger_bent,65mm screw and nail,,,A,,,
,Arthur,Arthur Valley,A139a,,new_style,,170mm SS baffles,good_design,65mm screw and nail,,,A,,,
,Arthur,Arthur Valley,A140,,new_style,,170mm SS baffles,good_design_trigger_bent,shortscrew_and_nail,,,A,,,
,Arthur,Arthur Valley,A140a,,new_style,,needs SS baffles,faulty_design,shortscrew_and_nail,,,A,,,
,Arthur,Arthur Valley,A141,,new_style,,170mm SS baffles,good_design_trigger_bent second_trap_different,longscrew_nail,,,A,,,
,Arthur,Arthur Valley,A141a,,new_style,,170mm SS baffles,good_design,shortscrew_and_nail,,,A,,,
,Arthur,Arthur Valley,A142,,new_style,,170mm SS baffles,good_design,longscrew_nail,,,A,,,
,Arthur,Arthur Valley,A142a,,new_style,,170mm SS baffles,good_design_trigger_bent second_trap_different,shortscrew_and_nail,,,A,,,
,Arthur,Arthur Valley,A143,,new_style,,170mm SS baffles,good_design_trigger_bent,shortscrew_and_nail,,,A,,,
,Arthur,Arthur Valley,A144,,new_style,,170mm SS baffles,good_design,65mm screw and nail,,,B,,,
,Arthur,Arthur Valley,A145,,new_style,,170mm SS baffles,good_design,65mm screw and nail,,,B,,,
,Arthur,Arthur Valley,A146,,new_style,,170mm SS baffles,good_design,65mm screw and nail,,,B,,,
,Arthur,Arthur Valley,A147,,new_style,,170mm SS baffles,good_design,65mm screw and nail,,,B,,,
,Arthur,Arthur Valley,A148,,new_style,,170mm SS baffles,good_design,65mm screw and nail,,,B,,,
,Arthur,Pateke,P001,,new_style,,170mm SS baffles,good_design,longscrew_nail,,,B,,,
,Arthur,Pateke,P001a,,new_style,,170mm SS baffles,good_design second_trap_different,longscrew_nail,,,B,,,
,Arthur,Pateke,P001b,,new_style,,170mm SS baffles,good_design,longscrew_nail,,,B,,,
,Arthur,Pateke,P001c,,new_style,,170mm SS baffles,good_design second_trap_different,longscrew_nail,,,B,,,
,Arthur,Pateke,P001d,,Not serviced by us,,,,,,,may not still be on island after flooding,,,
,Arthur,Pateke,P001e,,Not serviced by us,,,,,,,may not still be on island after flooding,,,
,Arthur,Pateke,P002,,NEW NSK BOX,,170mm SS baffles,good_design,kea_brackets 65mm_screws,,,A,,,
,Arthur,Pateke,P003,,NEW NSK BOX,,170mm SS baffles,good_design,kea_brackets 65mm_screws,,,A,,,
,Arthur,Pateke,P004,,new_style,,170mm SS baffles,good_design,kea_brackets 65mm_screws,,,A,,,
,Arthur,Pateke,P005,,NEW NSK BOX,,170mm SS baffles,good_design,kea_brackets 65mm_screws,,,A,,,
,Arthur,Pateke,P006,,NEW NSK BOX,,170mm SS baffles,good_design,kea_brackets 65mm_screws,,,A,,,
,Arthur,Pateke,P007,,new_style,,170mm SS baffles,faulty_design,longscrew_nail,,,B,,,
,Arthur,Pateke,P008,,new_style,,170mm SS baffles,good_design,65mm_screws,,,A,,,
,Arthur,Pateke,P009,,NEW NSK BOX,,170mm SS baffles,good_design,kea_brackets 65mm_screws,,,A,,,
,Arthur,Pateke,P010,,NEW NSK BOX,,170mm SS baffles,good_design,kea_brackets 65mm_screws,,,A,,,
,Arthur,Pateke,P011,,NEW NSK BOX,,170mm SS baffles,good_design,kea_brackets 65mm_screws,,,A,,,
,Arthur,Pateke,P012,,NEW NSK BOX,,170mm SS baffles,good_design,kea_brackets 65mm_screws,,,A,,,
,Arthur,Pateke,P013,,NEW NSK BOX,,170mm SS baffles,good_design,kea_brackets 65mm_screws,,,A,,,
,Arthur,Pateke,P014,,NEW NSK BOX,,170mm SS baffles,good_design,kea_brackets 65mm_screws,,,A,,,
,Arthur,Pateke,P015,,new_style,,170mm SS baffles,good_design,longscrew_nail,,,B,,28-Feb-20,
,Arthur,Pateke,P016,,new_style,,170mm SS baffles,good_design,longscrew_nail,,,B,,28-Feb-20,
,Arthur,Pateke,P017,,new_style,,170mm SS baffles,good_design,65mm_screws,,,B,,28-Feb-20,
,Arthur,Pateke,P018,,new_style,,170mm SS baffles,good_design,longscrew_nail,,,B,,28-Feb-20,
,Arthur,Pateke,P019,,new_style,,170mm SS baffles,good_design,longscrew_nail,,,B,,28-Feb-20,
,Arthur,Pateke,P020,,new_style,,170mm SS baffles,good_design_trigger_bent,65mm_screws,,,A,,28-Feb-20,
,Arthur,Pateke,P021,,new_style,,170mm SS baffles,good_design,longscrew_nail,,,B,,28-Feb-20,
,Arthur,Pateke,P022,,new_style,,170mm SS baffles,good_design,longscrew_nail,,,A,,28-Feb-20,
,Arthur,Pateke,P023,,new_style,,170mm SS baffles,good_design,longscrew_nail,,,B,,28-Feb-20,
,Arthur,Pateke,P024,,new_style,,170mm SS baffles,good_design,longscrew_nail,,,A,,28-Feb-20,
,Arthur,Pateke,P025,,new_style,,170mm SS baffles,good_design,longscrew_nail,,,B,,28-Feb-20,
,Arthur,Pateke,P026,,new_style,,170mm SS baffles,good_design,longscrew_nail,,,B,,28-Feb-20,
,Arthur,Pateke,P027,,,,170mm SS baffles,,,,,,,,
,Arthur,Pateke,P028,,new_style,,170mm SS baffles,good_design,longscrew_nail,,,B,,28-Feb-20,
,Arthur,Pateke,P028A,,new_style,,170mm SS baffles,good_design,kea_brackets 65mm_screws,,,A,,28-Feb-20,
,Arthur,Pateke,P029,,new_style,,170mm SS baffles,good_design,longscrew_nail,,,B,,28-Feb-20,
,Arthur,Pateke,P030,,new_style,,170mm SS baffles,good_design,longscrew_nail,,,B,,28-Feb-20,
,Arthur,Pateke,P031,,new_style,,170mm SS baffles,good_design,longscrew_nail,,,B,,28-Feb-20,
,Arthur,Pateke,P032,,new_style stainless_plate side_entrance,,170mm SS baffles,good_design,longscrew_nail,,,B,,28-Feb-20,
,Arthur,Pateke,PO33,,new_style,,170mm SS baffles,good_design,longscrew_nail,,,A,,,
,Arthur,Pateke,PO34,,new_style,,170mm SS baffles,good_design_trigger_bent,longscrew_nail,,,A,,,
,Arthur,Pateke,PO35,,new_style,,170mm SS baffles,good_design,longscrew_nail,,,A,,,
,Arthur,Pateke,Po36,,new_style,,170mm SS baffles,good_design,65mm_screws,,,A,,,
,Arthur,Pateke,Po37,,new_style,,170mm SS baffles,good_design second_trap_different,65mm_screws,,,A,,,
,Arthur,Pateke,Po38,,new_style,,170mm SS baffles,good_design,65mm_screws,,,A,,,
,Arthur,Pateke,Po39,,new_style,,170mm SS baffles,good_design,65mm_screws,,,A,,,
,Arthur,Pateke,Po40,,new_style,,170mm SS baffles,good_design,65mm_screws,,,A,,,
,Arthur,Pateke,Po41,,new_style,,170mm SS baffles,good_design,65mm_screws,,,A,,,
,Arthur,Pateke,Po42,,new_style,,170mm SS baffles,second_trap_different good_design,65mm_screws,,,A,,,
,Arthur,Pateke,Po43,,new_style,,170mm SS baffles,good_design,65mm_screws,,,A,,,
,Arthur,Pateke,Po44,,new_style,,170mm SS baffles,good_design,65mm_screws,,,A,,,
,Arthur,Pateke,Po45,,new_style,,170mm SS baffles,good_design,65mm_screws,,,A,,,
,Arthur,Pateke,Po46,,new_style,,170mm SS baffles,good_design,65mm_screws,,,A,,,
,Arthur,Pateke,Po47,,new_style,,170mm SS baffles,good_design,65mm_screws,,,A,,,
,Arthur,Pateke,Po48,,new_style,,170mm SS baffles,good_design,65mm_screws,,,A,,,
,Arthur,Pateke,Po49,,new_style,,170mm SS baffles,good_design,65mm_screws,,,A,,,
,Arthur,Pateke,Po50,,new_style,,170mm SS baffles,good_design,65mm_screws,,,A,,,
,Arthur,Pateke,Po51,,side_entrance new_style,,170mm SS baffles,good_design,65mm_screws,,,A,,,
,Arthur,Pateke,Po52,,side_entrance,,170mm SS baffles,good_design,65mm_screws,,,A,,,
,Arthur,Pateke,Po53,,side_entrance,,170mm SS baffles,good_design,65mm_screws,,,A,,,
,Arthur,Pateke,Po54,,side_entrance new_style,,170mm SS baffles,good_design,65mm_screws,,,A,,,
,Arthur,Pateke,Po55,,,,170mm SS baffles,,,,,,,,
,Arthur,Pateke,Po56,,,,170mm SS baffles,,,,,,,,
,Arthur,Pateke,Po57,,new_style,,170mm SS baffles,good_design,slide_off_type,,,A,,,
,Arthur,Pateke,Po58,,new_style,,170mm SS baffles,good_design,slide_off_type,,,A,,,
,Arthur,Pateke,Po59,,new_style,,170mm SS baffles,good_design,slide_off_type,,,A,,,
,Arthur,Pateke,Po60,,,,170mm SS baffles,,,,,,,,
,Arthur,Pateke,Po61,,,,170mm SS baffles,,,,,,,,
,Arthur,Pateke,P062,,side_entrance stainless_plate,,170mm SS baffles,good_design,longscrew_nail,,,B,,,
,Arthur,Pateke,P063,,side_entrance stainless_plate,,170mm SS baffles,good_design,longscrew_nail,,,B,,,
,Arthur,Pateke,P064,,side_entrance stainless_plate,,170mm SS baffles,good_design,longscrew_nail,,,B,,,
,Arthur,Pateke,P065,,stainless_plate side_entrance,,170mm SS baffles,good_design,longscrew_nail,,,B,,,
,Arthur,Pateke,P066,,side_entrance stainless_plate,,170mm SS baffles,good_design,longscrew_nail,,,B,,,
,Arthur,Pateke,P067,,stainless_plate side_entrance,,170mm SS baffles,good_design,longscrew_nail,,,B,,,
,Arthur,Pateke,P068,,side_entrance stainless_plate,,170mm SS baffles,good_design,longscrew_nail,,,B,,,
,Arthur,Pateke,P069,,side_entrance stainless_plate,,170mm SS baffles,good_design,longscrew_nail,,,B,,,
,Arthur,Pateke,P070,,new_style,,170mm SS baffles,good_design,longscrew_nail,,,B,,28-Feb-20,
,Arthur,Pateke,P071,,new_style,,170mm SS baffles,good_design,longscrew_nail,,,B,,28-Feb-20,
,Arthur,Pateke,P072,,new_style,,170mm SS baffles,good_design,longscrew_nail,,,B,,28-Feb-20,
,Arthur,Pateke,P073,,no trapbox for this #,,170mm SS baffles,,,,,,,,
,Arthur,Pateke,P074,,new_style,,170mm SS baffles,good_design,longscrew_nail,,,B,,28-Feb-20,
,Arthur,Pateke,P075,,no trapbox for this #,,170mm SS baffles,,,,,,,,
,Arthur,Pateke,P076,,side_entrance stainless_plate 800mm new_style,,170mm SS baffles,good_design,longscrew_nail,,,B,,28-Feb-20,
,Arthur,Pateke,PO77,,new_style,,170mm SS baffles,good_design_trigger_bent,longscrew_nail,,,A,,,
,Arthur,Pateke,PO78,,new_style,,170mm SS baffles,good_design,longscrew_nail,,,A,,,
,Arthur,Pateke,P079,,,,170mm SS baffles,,,,,,,,
,Arthur,Pateke,PO80,,new_style,,170mm SS baffles,good_design,longscrew_nail,,,A,,,
,Arthur,Pateke,PO81,,new_style,,170mm SS baffles,good_design,longscrew_nail,,,A,,,
,Arthur,Pateke,PO82,,new_style,,170mm SS baffles,good_design second_trap_different,longscrew_nail,,,A,,,
,Arthur,Poseidon,PS001,,new_style,,170mm SS baffles,good_design,longscrew_nail,,,B,,,
,Arthur,Poseidon,PS002,,new_style,,170mm SS baffles,good_design,longscrew_nail,,,B,,,
,Arthur,Poseidon,PS003,,new_style,,170mm SS baffles,good_design,longscrew_nail,,,B,,,
,Arthur,Poseidon,PS004,,new_style,,170mm SS baffles,good_design,longscrew_nail,,,B,,,
,Arthur,Poseidon,PS005,,new_style,,170mm SS baffles,good_design,longscrew_nail,,,A,,,
,Arthur,Poseidon,PS006,,new_style,,170mm SS baffles,good_design,longscrew_nail,,,B,,,
,Arthur,Poseidon,PS007,,new_style,,170mm SS baffles,good_design,longscrew_nail,,,B,,,
,Arthur,Poseidon,PS008,,new_style,,170mm SS baffles,good_design,longscrew_nail,,,B,,,
,Arthur,Poseidon,PS009,,new_style,,170mm SS baffles,good_design,longscrew_nail,,,B,,,
,Arthur,Poseidon,PS010,,new_style,,170mm SS baffles,good_design,longscrew_nail,,,B,,,
,Arthur,Arthur True Left,ATL01,,new_style,,170mm SS baffles,good_design,kea_brackets 65mm_screws,,,A,,1-Mar-20,
,Arthur,Arthur True Left,ATL02,,new_style,,170mm SS baffles,good_design_trigger_bent,65mm_screws kea_brackets,,,A,,1-Mar-20,
,Arthur,Arthur True Left,ATL03,,new_style,,170mm SS baffles,good_design,65mm_screws kea_brackets,,,A,,1-Mar-20,
,Arthur,Arthur True Left,ATL04,,new_style,,170mm SS baffles,good_design,65mm_screws kea_brackets,,,A,,1-Mar-20,
,Arthur,Arthur True Left,ATL05,,new_style,,170mm SS baffles,good_design,65mm_screws kea_brackets,,,A,,1-Mar-20,
,Arthur,Arthur True Left,ATL06,,new_style,,170mm SS baffles,good_design,65mm_screws kea_brackets,,,A,,1-Mar-20,
,Arthur,Arthur True Left,ATL07,,new_style,,170mm SS baffles,good_design,65mm_screws kea_brackets,,,A,,1-Mar-20,
,Arthur,Arthur True Left,ATL08,,new_style,,170mm SS baffles,good_design,65mm_screws kea_brackets,,,A,,1-Mar-20,
,Arthur,Arthur True Left,ATL09,,new_style,,170mm SS baffles,good_design,65mm_screws kea_brackets,,,A,,1-Mar-20,
,Arthur,Arthur True Left,ATL10,,new_style,,170mm SS baffles,good_design,65mm_screws kea_brackets,,,A,,1-Mar-20,
,Arthur,Arthur True Left,ATL11,,new_style,,170mm SS baffles,good_design,65mm_screws kea_brackets,,,A,,1-Mar-20,
,Arthur,Arthur True Left,ATL12,,new_style,,170mm SS baffles,good_design,65mm_screws kea_brackets,,,A,,1-Mar-20,
,Arthur,Arthur True Left,ATL13,,new_style,,170mm SS baffles,good_design,65mm_screws kea_brackets,,,A,,1-Mar-20,
,Arthur,Arthur True Left,ATL14,,new_style,,170mm SS baffles,good_design,65mm_screws kea_brackets,,,A,,1-Mar-20,
,Arthur,Arthur True Left,ATL15,,new_style,,170mm SS baffles,good_design,65mm_screws kea_brackets,,,A,,1-Mar-20,
,Arthur,Arthur True Left,ATL16,,new_style,,170mm SS baffles,good_design,65mm_screws kea_brackets,,,A,,1-Mar-20,
,Arthur,Arthur True Left,ATL17,,new_style,,170mm SS baffles,good_design,65mm_screws kea_brackets,,,A,,1-Mar-20,
,Arthur,Arthur True Left,ATL18,,new_style,,170mm SS baffles,good_design,kea_brackets 65mm_screws,,,A,,1-Mar-20,
,Arthur,Arthur True Left,ATL19,,new_style,,170mm SS baffles,good_design,65mm_screws kea_brackets,,,A,,1-Mar-20,
,Arthur,Arthur True Left,ATL20,,new_style,,170mm SS baffles,good_design,65mm_screws kea_brackets,,,A record_note,,,
,Arthur,Arthur True Left,ATL21,,new_style,,170mm SS baffles,good_design,65mm_screws kea_brackets,,,A,,1-Mar-20,
,Arthur,Arthur True Left,ATL22,,new_style,,170mm SS baffles,good_design,65mm_screws kea_brackets,,,A,,1-Mar-20,
,Arthur,Arthur True Left,ATL23,,new_style,,170mm SS baffles,good_design,65mm_screws kea_brackets,,,A,,1-Mar-20,
,Arthur,Arthur True Left,ATL24,,new_style,,170mm SS baffles,good_design,65mm_screws kea_brackets,,,A,,1-Mar-20,
,Arthur,Arthur True Left,ATL25,,new_style,,170mm SS baffles,good_design,65mm_screws kea_brackets,,,A,,1-Mar-20,
,Arthur,Arthur True Left,ATL26,,new_style,,170mm SS baffles,good_design,65mm_screws kea_brackets,,,A,,1-Mar-20,
,Arthur,Arthur True Left,ATL27,,new_style,,170mm SS baffles,good_design,65mm_screws kea_brackets,,,A,,1-Mar-20,
,Arthur,Arthur True Left,ATL28,,new_style,,170mm SS baffles,good_design second_trap_different,65mm_screws kea_brackets,,,A,,1-Mar-20,
,Arthur,Arthur True Left,ATL29,,new_style,,170mm SS baffles,good_design,65mm_screws kea_brackets,,,A,,1-Mar-20,
,Arthur,Arthur True Left,ATL30,,new_style,,170mm SS baffles,good_design,65mm_screws kea_brackets,,,A,,1-Mar-20,
,Arthur,Arthur True Left,ATL31,,new_style,,170mm SS baffles,good_design,65mm_screws kea_brackets,,,A,,1-Mar-20,
,Arthur,Arthur True Left,ATL32,,new_style,,170mm SS baffles,good_design,65mm_screws kea_brackets,,,A,,1-Mar-20,
,Arthur,Arthur True Left,ATL33,,new_style,,170mm SS baffles,good_design,65mm_screws kea_brackets,,,A,,1-Mar-20,
,Arthur,Arthur True Left,ATL34,,new_style,,170mm SS baffles,good_design,65mm_screws kea_brackets,,,A,,1-Mar-20,
,Arthur,Arthur True Left,ATL35,,new_style,,170mm SS baffles,good_design,65mm_screws kea_brackets,,,A,,1-Mar-20,
,Arthur,Arthur True Left,ATL36,,new_style,,170mm SS baffles,good_design,65mm_screws kea_brackets,,,A,,1-Mar-20,
,Arthur,Arthur True Left,ATL37,,new_style,,170mm SS baffles,good_design,65mm_screws kea_brackets,,,A,,1-Mar-20,
,Arthur,Arthur True Left,ATL38,,new_style,,170mm SS baffles,good_design,65mm_screws kea_brackets,,,A,,1-Mar-20,
,Arthur,Arthur True Left,ATL39,,new_style,,170mm SS baffles,good_design,65mm_screws kea_brackets,,,A,,1-Mar-20,
,Arthur,Arthur True Left,ATL40,,new_style,,170mm SS baffles,good_design,65mm_screws kea_brackets,,,A,,1-Mar-20,
,Arthur,Arthur True Left,ATL41,,new_style,,needs SS baffles x2,good_design,65mm_screws kea_brackets,,,A,,1-Mar-20,
,Arthur,Arthur True Left,ATL42,,new_style,,170mm SS baffles,good_design,65mm_screws kea_brackets,,,A,,1-Mar-20,
,Arthur,Arthur True Left,ATL43,,new_style,,170mm SS baffles,good_design,kea_brackets 65mm_screws,,,A,,1-Mar-20,
,Arthur,Arthur True Left,ATL44,,new_style,,170mm SS baffles,good_design,65mm_screws kea_brackets,,,A,,1-Mar-20,
,Arthur,Arthur True Left,ATL45,,new_style,,170mm SS baffles,good_design,shortscrews,,,A,,,
,Arthur,Arthur True Left,ATL46,,new_style,,170mm SS baffles,good_design,shortscrew_and_nail,,,A,,,
,Arthur,Arthur True Left,ATL47,,new_style,,170mm SS baffles,good_design,shortscrew_and_nail,,,A,,,
,Arthur,Arthur True Left,ATL48,,new_style,,170mm SS baffles,faulty_design,shortscrew_and_nail,,,A,,,
,Arthur,Arthur True Left,ATL49,,new_style,,170mm SS baffles,good_design,shortscrew_and_nail,,,A,,,
,Arthur,Arthur True Left,ATL50,,new_style,,170mm SS baffles,good_design_trigger_bent,kea_brackets 65mm_screws,,,A,,,
,Arthur,Arthur True Left,ATL51,,new_style,,170mm SS baffles,good_design,shortscrew_and_nail,,,A,,,
,Arthur,Arthur True Left,ATL52,,new_style,,170mm SS baffles,good_design,shortscrews,,,A,,,
,Arthur,Arthur True Left,ATL53,,new_style,,170mm SS baffles,good_design,shortscrews,,,A,,,
,Arthur,Arthur True Left,ATL54,,new_style,,170mm SS baffles,good_design,shortscrew_and_nail,,,A,,,
,Arthur,Arthur True Left,ATL55,,new_style,,170mm SS baffles,good_design,shortscrew_and_nail,,,A,,,
,Arthur,Arthur True Left,ATL56,,new_style,,170mm SS baffles,good_design,shortscrew_and_nail,,,A,,,
,Arthur,Arthur True Left,ATL57,,new_style,,170mm SS baffles,good_design,shortscrew_and_nail,,,A,,,
,Arthur,Arthur True Left,ATL58,,new_style,,170mm SS baffles,good_design,shortscrew_and_nail,,,A,,,
,Arthur,Arthur True Left,ATL59,,new_style,,170mm SS baffles,good_design,shortscrew_and_nail,,,A,,,
,Arthur,Arthur True Left,ATL60,,new_style,,170mm SS baffles,good_design,shortscrew_and_nail,,,A,,,
,Arthur,Arthur True Left,ATL61,,new_style,,170mm SS baffles,good_design second_trap_different,longscrew_nail,,,C,,,
,Arthur,Arthur True Left,ATL62,,new_style,,170mm SS baffles,good_design,shortscrew_and_nail,,,A,,,
,Arthur,Arthur True Left,ATL63,,new_style,,170mm SS baffles,good_design,shortscrew_and_nail,,,A,,,
,Arthur,Arthur True Left,ATL64,,new_style,,170mm SS baffles,good_design,shortscrew_and_nail,,,A,,,
,Arthur,Arthur True Left,ATL65,,new_style,,170mm SS baffles,good_design,shortscrew_and_nail,,,A,,,
,Arthur,Arthur True Left,ATL66,,new_style,,170mm SS baffles,good_design,shortscrew_and_nail,,,A,,,
,Arthur,Arthur True Left,ATL67,,new_style,,170mm SS baffles,good_design,shortscrew_and_nail,,,A,,,
,Arthur,Arthur True Left,ATL68,,new_style,,170mm SS baffles,good_design,shortscrew_and_nail,,,A,,,
,Arthur,Arthur True Left,ATL69,,new_style,,170mm SS baffles,good_design,shortscrew_and_nail,,,A,,,
,Arthur,Arthur True Left,ATL70,,new_style,,170mm SS baffles,good_design,shortscrew_and_nail,,,A,,,
,Arthur,Arthur True Left,ATL70,,new_style,,170mm SS baffles,good_design_trigger_bent,shortscrew_and_nail,,,A,,,
,Arthur,Arthur True Left,ATL71,,new_style,,170mm SS baffles,good_design,shortscrew_and_nail,,,A,,,
,Arthur,Arthur True Left,ATL72,,new_style,,170mm SS baffles,good_design,shortscrew_and_nail,,,A,,,
,Arthur,Arthur True Left,ATL73,,new_style,,170mm SS baffles,good_design,shortscrew_and_nail,,,A,,,
,Arthur,Arthur True Left,ATL74,,new_style,,170mm SS baffles,good_design,shortscrew_and_nail,,,A,,,
,Arthur,Arthur True Left,ATL75,,new_style,,170mm SS baffles,good_design,shortscrew_and_nail,,,B,,,
,Arthur,Arthur True Left,ATL76,,new_style,,170mm SS baffles,good_design second_trap_different,shortscrew_and_nail,,,A,,,
,Arthur,Arthur True Left,ATL77,,new_style,,170mm SS baffles,good_design,shortscrew_and_nail,,,A,,,
,Arthur,Arthur True Left,ATL78,,new_style,,170mm SS baffles,good_design,shortscrew_and_nail,,,A,,,
,Arthur,Arthur True Left,ATL79,,new_style,,170mm SS baffles,good_design,shortscrew_and_nail,,,A,,,
,Arthur,Arthur True Left,ATL80,,new_style,,170mm SS baffles,good_design,shortscrew_and_nail,,,A,,,
,Arthur,Arthur True Left,ATL81,,new_style,,170mm SS baffles,good_design,shortscrew_and_nail,,,A,,,
,Arthur,Arthur True Left,ATL82,,new_style,,170mm SS baffles,good_design,shortscrew_and_nail,,,A,,,
,Arthur,Arthur True Left,ATL83,,new_style,,170mm SS baffles,good_design,shortscrew_and_nail,,,A,,,
,Arthur,Arthur True Left,ATL84,,new_style,,170mm SS baffles,good_design,shortscrew_and_nail,,,A,,,
,Arthur,Arthur True Left,ATL85,,new_style,,170mm SS baffles,good_design,shortscrew_and_nail,,,A,,,
,Arthur,Arthur True Left,ATL86,,new_style,,170mm SS baffles,good_design,shortscrew_and_nail,,,A,,,
,Arthur,Arthur True Left,ATL87,,new_style,,170mm SS baffles,good_design,shortscrew_and_nail,,,A,,,
,Arthur,Arthur True Left,ATL88,,new_style,,170mm SS baffles,good_design,shortscrew_and_nail,,,A,,,
,Arthur,Arthur True Left,ATL89,,new_style,,170mm SS baffles,good_design,shortscrew_and_nail,,,A,,,
,Arthur,Arthur True Left,ATL90,,new_style,,170mm SS baffles,good_design,shortscrew_and_nail,,,A,,,
,Arthur,Arthur True Left,ATL91,,new_style,,170mm SS baffles,good_design,shortscrew_and_nail,,,A,,,
,Arthur,Arthur True Left,ATL92,,new_style,,170mm SS baffles,good_design second_trap_different,shortscrew_and_nail,,,A,,,
,Arthur,Arthur True Left,ATL93,,new_style,,170mm SS baffles,good_design_trigger_bent,shortscrew_and_nail,,,A,,,
,Arthur,Arthur True Left,ATL94,,new_style,,170mm SS baffles,good_design,shortscrew_and_nail,,,A,,,
,Arthur,Arthur True Left,ATL95,,new_style,,170mm SS baffles,good_design,shortscrew_and_nail,,,A,,,
,Arthur,Arthur True Left,ATL96,,new_style,,170mm SS baffles,good_design,shortscrew_and_nail,,,A,,,
,Arthur,Arthur True Left,ATL97,,new_style,,170mm SS baffles,good_design,shortscrew_and_nail,,,A,,,
,Arthur,Arthur True Left,ATL98,,new_style,,170mm SS baffles,good_design,shortscrew_and_nail,,,A,,,
,Arthur,Arthur True Left,ATL99,,new_style,,170mm SS baffles,good_design,shortscrew_and_nail,,,A,,,
,Arthur,Arthur True Left,ATL 100,,new_style,,170mm SS baffles,good_design,shortscrew_and_nail,,,A,,,
,Arthur,Arthur True Left,ATL 102,,new_style,,170mm SS baffles,good_design second_trap_different,shortscrews,,,A,,,
,Arthur,Arthur True Left,ATL 103,,new_style,,170mm SS baffles,good_design,shortscrew_and_nail,,,A,,,
,Arthur,Arthur True Left,ATL 104,,new_style,,170mm SS baffles,good_design second_trap_different,shortscrew_and_nail,,,A,,,
,Arthur,Arthur True Left,ATL 105,,new_style,,170mm SS baffles,good_design,shortscrew_and_nail,,,A,,,
,Arthur,Arthur True Left,ATL 106,,new_style,,170mm SS baffles,good_design,shortscrew_and_nail,,,B,,,
,Arthur,Arthur True Left,ATL 107,,new_style,,170mm SS baffles,good_design,shortscrew_and_nail,,,A,,,
,Arthur,Arthur True Left,ATL 108,,new_style,,170mm SS baffles,good_design,shortscrew_and_nail,,,A,,,
,Arthur,Arthur True Left,ATL 109,,new_style,,170mm SS baffles,good_design second_trap_different,shortscrew_and_nail,,,A,,,
,Arthur,Arthur True Left,ATL 110,,new_style,,170mm SS baffles,good_design,shortscrew_and_nail,,,A,,,
,Arthur,Arthur True Left,ATL 111,,new_style,,170mm SS baffles,good_design second_trap_different,shortscrew_and_nail,,,A,,,
,Arthur,Arthur True Left,ATL112,,new_style,,170mm SS baffles,good_design second_trap_different,shortscrew_and_nail,,,A,,,
,Arthur,Joes,J01,,side_entrance stainless_plate,,170mm SS baffles,good design,longscrew_nail,,,B,,,
,Arthur,Joes,J01a,,side_entrance stainless_plate,,170mm SS baffles,good design,longscrew_nail,,,B,,,
,Arthur,Joes,J02,,new_style,,170mm SS baffles,good design,kea_brackets 65mm_screws,,,A,,,
,Arthur,Joes,J02a,,side_entrance stainless_plate,,170mm SS baffles,good design,longscrew_nail,,,B,,,
,Arthur,Joes,J03,,new_style,,170mm SS baffles,good_design_trigger_bent,kea_brackets 65mm_screws,,,A,,,
,Arthur,Joes,J03a,,BOX MISSING,,,,shortscrew_and_nail,,,B,,,
,Arthur,Joes,J04,,new_style,,170mm SS baffles,good_design_trigger_bent,kea_brackets 65mm_screws,,,A,,,
,Arthur,Joes,J04a,,side_entrance stainless_plate,,170mm SS baffles,good design,shortscrew_and_nail,,,B,,,
,Arthur,Joes,J05,,new_style,,170mm SS baffles,good_design_trigger_bent,kea_brackets 65mm_screws,,,A,,,
,Arthur,Joes,J05a,,side_entrance stainless_plate,,170mm SS baffles,good design,shortscrew_and_nail,,,B,,,
,Arthur,Joes,J06,,new_style,,170mm SS baffles,good_design_trigger_bent,kea_brackets 65mm_screws,,,A,,,
,Arthur,Joes,J06a,,side_entrance stainless_plate,,170mm SS baffles,good design,shortscrew_and_nail,,,B,,,
,Arthur,Joes,J07,,NEW NSK BOX,,170mm SS baffles,good_design,kea_brackets 65mm_screws,,,A,,,
,Arthur,Joes,J07a,,side_entrance stainless_plate,,170mm SS baffles,good design,longscrew_nail,,,B,,,
,Arthur,Joes,J08,,new_style,,170mm SS baffles,good_design_trigger_bent,kea_brackets 65mm_screws,,,A,,,
,Arthur,Joes,J08a,,side_entrance stainless_plate,,170mm SS baffles,good design,longscrew_nail,,,B,,,
,Arthur,Joes,J09,,new_style,,170mm SS baffles,good_design_trigger_bent,kea_brackets 65mm_screws,,,A,,,
,Arthur,Joes,J09a,,stainless_plate side_entrance,,170mm SS baffles,good design,longscrew_nail,,,B,,,
,Arthur,Joes,J10,,new_style,,170mm SS baffles,good_design_trigger_bent,kea_brackets 65mm_screws,,,A,,,
,Arthur,Joes,J11,,new_style,,170mm SS baffles,good_design_trigger_bent,kea_brackets 65mm_screws,,,A,,,
,Arthur,Joes,J12,,new_style,,170mm SS baffles,good_design_trigger_bent,kea_brackets 65mm_screws,,,A,,,
,Arthur,Joes,J13,,new_style,,170mm SS baffles,good_design_trigger_bent,kea_brackets 65mm_screws,,,A,,,
,Arthur,Joes,J14,,new_style,,170mm SS baffles,good_design second_trap_different,kea_brackets 65mm_screws,,,A,,,
,Arthur,Joes,J15,,new_style,,170mm SS baffles,good_design_trigger_bent,kea_brackets 65mm_screws,,,A,,,
,Arthur,Joes,J16,,new_style,,170mm SS baffles,good_design_trigger_bent,kea_brackets 65mm_screws,,,A,,,
,Arthur,Joes,J17,,new_style,,170mm SS baffles,good_design_trigger_bent,kea_brackets 65mm_screws,,,A,,,
,Arthur,Joes,J18,,new_style,,170mm SS baffles,good_design_trigger_bent,kea_brackets 65mm_screws,,,A,,,
,Arthur,Joes,J19,,new_style,,170mm SS baffles,good_design_trigger_bent,kea_brackets 65mm_screws,,,A,,,
,Arthur,Joes,J20,,new_style,,170mm SS baffles,good_design_trigger_bent,kea_brackets,,,A,,,
,Arthur,Joes,J21,,new_style,,170mm SS baffles,good_design_trigger_bent,kea_brackets 65mm_screws,,,A,,,
,Arthur,Joes,J22,,new_style,,170mm SS baffles,good_design_trigger_bent,kea_brackets 65mm_screws,,,A,,,
,Arthur,Joes,J23,,side_entrance stainless_plate 800mm new_style,,170mm SS baffles,good_design_trigger_bent,kea_brackets 65mm_screws,,,A,,,
,Arthur,Joes,J24,,new_style,,170mm SS baffles,good_design_trigger_bent,65mm_screws kea_brackets,,,A,,,
,Arthur,Joes,J25,,new_style,,170mm SS baffles,good_design_trigger_bent,kea_brackets 65mm_screws,,,A,,,
,Arthur,Joes,J26,,new_style,,170mm SS baffles,good_design_trigger_bent,kea_brackets 65mm_screws,,,A,,,
,Arthur,Joes,J27,,new_style,,170mm SS baffles,good_design_trigger_bent,kea_brackets 65mm_screws,,,A,,,
,Arthur,Joes,J28,,new_style,,170mm SS baffles,good_design_trigger_bent,65mm_screws kea_brackets,,,A,,,
,Arthur,Joes,J29,,new_style,,170mm SS baffles,good_design_trigger_bent,kea_brackets 65mm_screws,,,A,,,
,Arthur,Joes,J30,,NEW NSK BOX,,170mm SS baffles,good_design,kea_brackets 65mm_screws,,,A,,,
,Arthur,Joes,J31,,new_style,,170mm SS baffles,good_design,kea_brackets 65mm_screws,,,A,,,
,Arthur,Joes,J32,,new_style,,170mm SS baffles,good_design_trigger_bent,kea_brackets 65mm_screws,,,A,,,
,Arthur,Joes,J33,,new_style,,170mm SS baffles,good_design_trigger_bent,kea_brackets 65mm_screws,,,A,,,
,Arthur,Joes,J34,,new_style,,170mm SS baffles,good_design_trigger_bent,kea_brackets 65mm_screws,,,A,,,
,Arthur,Joes,J35,,new_style,,170mm SS baffles,good_design_trigger_bent,kea_brackets 65mm_screws,,,A,,,
,Arthur,Joes,J36,,new_style,,170mm SS baffles,good_design,65mm_screws,,,A,,,
,Arthur,Joes,J37,,new_style,,170mm SS baffles,good_design_trigger_bent,65mm_screws kea_brackets,,,A,,,
,Arthur,Joes,J38,,new_style,,170mm SS baffles,good_design_trigger_bent,kea_brackets 65mm_screws,,,A,,,
,Arthur,Joes,J39,,new_style,,170mm SS baffles,good_design_trigger_bent,kea_brackets 65mm_screws,,,A,,,
,Arthur,Joes,J40,,new_style,,170mm SS baffles,good_design_trigger_bent,kea_brackets 65mm_screws,,,A,,,
,Arthur,Joes,J41,,new_style,,170mm SS baffles,good_design_trigger_bent,kea_brackets 65mm_screws,,,A,,,
,Arthur,Joes,J42,,new_style,,170mm SS baffles,good_design_trigger_bent second_trap_different,kea_brackets 65mm_screws,,,A,,,
,Arthur,Joes,J43,,new_style,,170mm SS baffles,good_design_trigger_bent,kea_brackets 65mm_screws,,,A,,,
,Arthur,Joes,J44,,new_style,,170mm SS baffles,good_design_trigger_bent,kea_brackets 65mm_screws,,,A,,,
,Arthur,Joes,J45,,new_style,,170mm SS baffles,good_design_trigger_bent,kea_brackets 65mm_screws,,,A,,,
,Arthur,Joes,J46,,new_style,,170mm SS baffles,good_design_trigger_bent,kea_brackets 65mm_screws,,,A,,,
,Arthur,Joes,J47,,new_style,,170mm SS baffles,good_design_trigger_bent,kea_brackets 65mm_screws,,,A record_note,,,
,Arthur,Joes,J48,,new_style,,170mm SS baffles,good_design,kea_brackets 65mm_screws,,,A,,,
,Arthur,Joes True Right,Jr01,,new_style,,stainless_trap_baffle,good_design second_trap_different,longscrew_nail,,,B,,,
,Arthur,Joes True Right,Jr02,,new_style,,stainless_trap_baffle,good_design second_trap_different,longscrew_nail,,,B,,,
,Arthur,Joes True Right,Jr03,,new_style,,stainless_trap_baffle,good_design,longscrew_nail,,,B,,,
,Arthur,Joes True Right,Jr04,,new_style,,stainless_trap_baffle,good_design,longscrew_nail,,,B,,,
,Arthur,Joes True Right,Jr05,,new_style,,stainless_trap_baffle,good_design,longscrew_nail,,,B,,,
,Arthur,Joes True Right,Jr06,,BOX MISSING,,galve_mesh_trap_baffle,faulty_design,longscrew_nail,,,B,,,
,Arthur,Joes True Right,Jr07,,new_style,,stainless_trap_baffle,good_design,longscrew_nail,,,A,,,
,Arthur,Joes True Right,Jr08,,NEW NSK BOX,,170mm SS baffles,good_design,kea_brackets 65mm_screws,,,A,,,
,Arthur,Joes True Right,Jr09,,NEW NSK BOX,,170mm SS baffles,good_design,kea_brackets 65mm_screws,,,A,,,
,Arthur,Joes True Right,Jr10,,new_style,,stainless_trap_baffle,good_design,longscrew_nail,,,A,,,
,Arthur,Joes True Right,Jr11,,new_style,,stainless_trap_baffle,good_design,longscrew_nail,,,A record_note,,,
,Arthur,Joes True Right,Jr12,,new_style,,stainless_trap_baffle,good_design,longscrew_nail,,,B,,,
,Arthur,Joes True Right,Jr13,,new_style,,stainless_trap_baffle,good_design,65mm_screws,,,A,,,
,Arthur,Joes True Right,Jr14,,new_style,,stainless_trap_baffle,good_design,65mm_screws,,,A,,,
,Arthur,Joes True Right,Jr15,,new_style,,stainless_trap_baffle,good_design,65mm_screws,,,A,,,
,Arthur,Joes True Right,Jr16,,new_style,,stainless_trap_baffle,good_design,65mm_screws,,,A,,,
,Arthur,Joes True Right,Jr17,,new_style,,stainless_trap_baffle,good_design,65mm_screws,,,A,,,
,Arthur,Joes True Right,Jr18,,new_style,,stainless_trap_baffle,good_design,longscrew_nail,,,A,,,
,Arthur,Joes True Right,Jr19,,new_style,,stainless_trap_baffle,good_design,65mm_screws,,,A,,,
,Arthur,Joes True Right,Jr20,,new_style,,stainless_trap_baffle,good_design,kea_brackets 65mm_screws,,,A,,,
,Arthur,Joes True Right,Jr21,,new_style,,stainless_trap_baffle,good_design,kea_brackets 65mm_screws,,,A,,,
,Arthur,Joes True Right,Jr22,,new_style,,stainless_trap_baffle,good_design,65mm_screws,,,A,,,
,Arthur,Joes True Right,Jr23,,infill_style,,stainless_trap_baffle,good_design,65mm_screws,,,B,,,
,Arthur,Joes True Right,Jr24,,new_style,,stainless_trap_baffle,good_design,65mm_screws,,,A,,,
,Arthur,Joes True Right,Jr25,,new_style,,stainless_trap_baffle,good_design,65mm_screws,,,A,,,
,Arthur,Joes True Right,Jr26,,new_style,,stainless_trap_baffle,good_design,65mm_screws,,,A,,,
,Arthur,Joes True Right,Jr27,,new_style,,stainless_trap_baffle,good_design,65mm_screws,,,A,,,
,Arthur,Joes True Right,Jr28,,new_style,,stainless_trap_baffle,good_design,65mm_screws,,,A,,,
,Arthur,Joes True Right,Jr29,,new_style,,stainless_trap_baffle,good_design,65mm_screws,,,A,,,
,Arthur,Joes True Right,Jr30,,new_style,,stainless_trap_baffle,good_design,65mm_screws,,,A,,,
deviceId,Arthur,Joes True Right,Jr31,,new_style,,stainless_trap_baffle,good_design,65mm_screws,,,A,,,
,Arthur,Joes True Right,Jr32,,new_style,,stainless_trap_baffle,good_design,65mm_screws,,,A,,,
,Arthur,Joes True Right,Jr33,,new_style,,stainless_trap_baffle,good_design,65mm_screws,,,A,,,
,Arthur,Joes True Right,Jr34,,new_style,,stainless_trap_baffle,good_design,65mm_screws,,,B,,,
,Arthur,Joes True Right,Jr35,,new_style,,stainless_trap_baffle,good_design,65mm_screws,,,A,,,
,Arthur,Joes True Right,Jr36,,new_style,,stainless_trap_baffle,good_design,65mm_screws,,,A,,,
,Arthur,Joes True Right,Jr37,,new_style,,stainless_trap_baffle,good_design,65mm_screws,,,A,,,
,Arthur,Joes True Right,Jr38,,new_style,,stainless_trap_baffle,good_design,65mm_screws,,,A,,,
,Arthur,Joes True Right,Jr39,,new_style,,stainless_trap_baffle,good_design,65mm_screws,,,A,,,
,Arthur,Joes True Right,Jr40,,new_style,,stainless_trap_baffle,good_design,65mm_screws,,,A,,,
,Arthur,Joes True Right,Jr41,,new_style,,stainless_trap_baffle,good_design,65mm_screws,,,A,,,
,Arthur,Joes True Right,Jr42,,new_style,,stainless_trap_baffle,good_design,65mm_screws,,,A,,,
,Arthur,Joes True Right,Jr43,,new_style,,stainless_trap_baffle,good_design,65mm_screws,,,A,,,
,Arthur,Joes True Right,Jr44,,new_style,,stainless_trap_baffle,good_design,65mm_screws,,,A,,,
,Arthur,Joes True Right,Jr45,,new_style,,stainless_trap_baffle,good_design,65mm_screws,,,B,,,
,Arthur,Joes True Right,Jr46,,new_style,,stainless_trap_baffle,good_design,65mm_screws,,,A,,,
,Arthur,Joes True Right,Jr47,,new_style,,stainless_trap_baffle,good_design,65mm_screws,,,A,,,
,Arthur,Joes True Right,Jr48,,new_style,,stainless_trap_baffle,good_design,65mm_screws,,,A,,,
,Arthur,Joes True Right,Jr49,,new_style,,stainless_trap_baffle,good_design,65mm_screws,,,A,,,
,Arthur,Joes True Right,Jr50,,new_style,,stainless_trap_baffle,good_design,65mm_screws,,,B,,,
,Arthur,Joes True Right,Jr51,,new_style,,stainless_trap_baffle,good_design,65mm_screws,,,B,,,
,Arthur,Joes True Right,Jr52,,new_style,,stainless_trap_baffle,good_design,65mm_screws,,,B,,,
,Arthur,Joes True Right,Jr53,,new_style,,stainless_trap_baffle,good_design,65mm_screws,,,B,,,